ID,Band Name
1NJUWqbiNAk1BPOyQhb2qe,fanclubwallet
6M2wZ9GZgrQXHCFfjv46we,Dua Lipa
0G7KI9I5BApiXc5Sqpyil9,Melt
3nYyLjhw4mYzYfJePsCJYJ,Couch
3lDpdwM8KILepMHqBWUhIA,The Struts
7pXu47GoqSYRajmBCjxdD6,Vulfpeck
7Ln80lUS6He07XvHI8qqHH,Arctic Monkeys
1Mxqyy3pSjf8kZZL4QVxS0,Frank Sinatra
6ltzsmQQbmdoHHbLZ4ZN25,Lord Huron
1vCWHaC5f2uS3yhpwWbIA6,Avicii
3AA28KZvwAUcZuOKwyblJQ,Gorillaz
3MZsBdqDrRTJihTHQrO6Dq,Joji
6s22t5Y3prQHyaHWUN1R1C,AJR
20JZFwl6HVl6yg8a4H3ZqK,Panic! At The Disco
06HL4z0CvFAxyc27GXpf02,Taylor Swift
1McMsnEElThX1knmY4oliG,Olivia Rodrigo
6qqNVTkY8uBg9cP3Jd7DAH,Billie Eilish
5YGY8feqx7naU7z4HrwZM6,Miley Cyrus
0C8ZW7ezQVs4URX5aX7Kqx,Selena Gomez
0N0d3kjwdY2h7UVuTdJGfp,Cascada